"Title","Clause of the gap","The claim it makes","What you would measure","What result counts as yes or no"
"Reinforcement Learning for Option Hedging: Static Implied-Volatility Fit versus Shortfall-Aware Performance","Decoupling between pricing-model calibration (IVRMSE) and real-world hedging performance under transaction costs","Shifting the hedging objective to shortfall-probability optimization and introducing RLOP reduces loss frequency and improves tail-risk resilience vs parametric models","IVRMSE, Hedging RMSE, Average trading cost, Shortfall probability, Expected Shortfall","Yes if RLOP achieves lower shortfall probability than BS/JD/SV in stress regimes; No if parametric models dominate on all after-cost metrics"
"DeltaHedge: A Multi-Agent Framework for Portfolio Options Optimization","Integration of options trading into AI-driven portfolio management remains underexplored; most frameworks focus on equity allocation only","A multi-agent ensemble framework combining forecasting, sentiment, trading, and hedging agents outperforms traditional strategies and standalone RL models","Sharpe Ratio, Sortino Ratio, Calmar Ratio, Total Return, Maximum Drawdown, Volatility","Yes if ensemble Sharpe > best standalone RL Sharpe and MDD < B&H MDD; No if ensemble does not beat best single agent"
"Bridging Stochastic Control and Deep Hedging: Structural Priors for No-Transaction Band Networks","Structural information from stochastic control theory is not incorporated into deep hedging architectures for transaction cost settings","WW-NTBN with Whalley-Wilmott formula as structural prior converges faster and matches stochastic control bands more closely than MLP or NTBN-delta","Band geometry, Terminal P&L distributions, CVaR (95%), Trade frequency, Average shares traded, Entropic training loss","Yes if WW-NTBN converges faster and has lower CVaR than MLP/NTBN-delta; No if MLP matches or beats WW-NTBN"
"Application of Deep Reinforcement Learning to At-the-Money S&P 500 Options Hedging","Most deep hedging uses simulated data; empirical validation on real market data with transaction costs is needed","A TD3 agent trained on a single continuous time series of S&P 500 options outperforms Black-Scholes delta hedging, especially in high-cost environments","Cumulative PnL, Annualized return, Annualized Std. dev., Sharpe Ratio, Information Ratio, Max Drawdown, Final PnL","Yes if TD3 has higher Sharpe and lower MDD than delta hedging in high-cost scenarios; No if TD3 underperforms delta hedging"
"Learning to Hedge Swaptions","Deep hedging has not been applied to swaptions using the DTAFNS model; rho-hedging is the traditional approach","Deep hedging with CVaR objective outperforms rho-hedging for swaptions even under model misspecification, with two swaps sufficient for near-optimal hedging","RMSE, Root Downside Risk, CVaR99%, P(HE>0), Hedging Risk Reduction, Trading Intensity, Dynamic Tracking Error","Yes if RL RDR < rho-hedging RDR under model misspecification; No if rho-hedging is superior or equal"
"Data-driven Derivative Hedging with Quadratic Variation Penalty","Delta hedging is not optimal when penalized for quadratic variation of P&L, but this has not been empirically demonstrated","DeepSOC and deepRL outperform delta hedging when accounting for transaction costs and pathwise variability under a QV penalty","Hedge P&L, Quadratic variation of P&L, Empirical P&L densities","Yes if deepSOC or deepRL have lower QV than delta hedging; No if delta hedging remains optimal"
"Data-driven Hedging with Generative Models","Hedging approaches rely on model-based sensitivity analysis; data-driven scenario generation using generative models has not been fully explored","VolGAN-based hedging with LASSO instrument selection outperforms Black-Scholes delta and delta-vega hedging without retraining for over 4 years","Tracking error statistics (Mean, Median, Std, VaR), Number of hedging instruments selected","Yes if VolGAN+LASSO has lower std and VaR than delta-vega hedging; No if delta-vega hedging is superior"
"Deep Bellman Hedging","Deep Hedging requires retraining for each initial portfolio and imposes a boundary condition at maturity","Bellman-based deep hedging provides optimal hedge for arbitrary initial portfolios and market states without retraining, with proven existence of unique finite solutions","Theoretical proofs (existence, uniqueness, convergence), no empirical metrics","Yes if proof of existence of unique finite solution is mathematically valid; No if the Bellman equation is ill-posed"
"Pricing and Hedging Autocallable Products by Markov Chain Approximation","Autocallable pricing and hedging under transaction costs is computationally challenging with existing numerical methods","CTMC approximation provides efficient and accurate pricing for autocallables; barrier shifting and payoff modification with CVaR minimization reduces hedging costs","IVRMSE, absolute error, relative error, computation time, CVaR at 5% and 1%, maximum drawdown, Sharpe ratio","Yes if CVaR reduction is significant vs unmodified delta hedging; No if CVaR reduction is negligible"
"Hazard-Gated Temporal Transformers for Real-Time Risk Control","Classical sequence models struggle when events arrive irregularly, display clustering, or incur asymmetric execution costs","Hazard-gated execution improves Sharpe, reduces CVaR, and lowers turnover relative to delta-based methods, sequence-model hedgers, and RL timers","Annualized Sharpe ratio, Cumulative PnL, CVaR0.99, Turnover (bps), Calibration metrics (PIT histograms)","Yes if HedgeFormer Sharpe > RL Hedger Sharpe and CVaR < RL Hedger CVaR; No if RL Hedger is superior"
"A Topological Approach to Parameterizing Deep Hedging Networks","Deep hedging training requires large batch sizes, making it computationally expensive and sample-inefficient","Adding topological features (persistence diagrams, L1/L2 norms) to deep hedging networks reduces batch size requirements by 10x without compromising hedging performance","PnL standard deviation, PnL skewness, Average trade size, Tail-risk PnL outcomes","Yes if TDA models have lower PnL std at batch size 20 than non-TDA models; No if TDA does not improve batch size efficiency"
"Enhancing Deep Hedging of Options with Implied Volatility Surface Feedback Information","State representation for deep hedging typically ignores forward-looking implied volatility surface information","Including IV surface factors as state variables significantly improves hedging performance, with outperformance more pronounced under transaction costs","Avg P&L, CVaR95%, CVaR99%, MSE, SMSE, CVaR deviation, hedging costs","Yes if RL with IV surface outperforms delta hedging with transaction costs; No if IV surface information does not improve performance"
"Adaptive-QLBS and RLOP: Differentiable Reinforcement Learning for Dynamic Option Hedging","IVRMSE is not a reliable proxy for hedging quality under transaction costs; pricing and hedging are decoupled","RLOP reduces shortfall frequency across most regimes and achieves strongest tail-risk improvements under stress; QLBS acts as cost-aware stabilizer","Expected Shortfall (ES5%, ES10%), Shortfall probability, RMSE, Average trading cost, IVRMSE","Yes if RLOP has lower shortfall probability than BS/JD/SV in stress regimes; No if parametric models dominate on all after-cost metrics"
"Black-Scholes Meet Imitation Learning: Evidence From Deep Hedging in China","Deep hedging requires large samples to learn meaningful policies; real trading data is often limited","Imitation learning from BSM demonstrations (ILDH) outperforms EDH, MDDH, and delta hedging with limited real trading data, especially for tail risk","Reward, P&L, Cost, Std P&L, VaR (95%), CVaR (95%)","Yes if ILDH has higher P&L and lower CVaR than EDH; No if EDH outperforms ILDH"
"Distributional Adversarial Attacks and Training in Deep Hedging","Deep hedging models are vulnerable to distributional shifts, but this vulnerability has not been systematically studied","Adversarial training over Wasserstein balls improves out-of-sample and out-of-distribution performance, especially with limited data (5,000 samples)","Hedging loss (entropic risk, CVaR), Out-of-sample performance, Out-of-distribution performance, Real data P&L","Yes if adversarially trained model has lower loss with 5,000 samples than clean training; No if clean training is superior"
"Deep Learning Models for Hedging Strategies in Derivative Markets","Lack of comprehensive review of deep learning architectures, benefits, and challenges in derivative hedging","Provides a broad review of CNNs, RNNs, LSTMs, and DRL for hedging; discusses benefits, challenges, and mitigation strategies","Not applicable (review paper); qualitatively mentions risk-adjusted returns, drawdowns, profit","Not applicable (review paper; no original empirical claims to test)"
"Deep Hedging Under Non-Convexity: Limitations and a Case for AlphaZero","Deep Hedging may converge to local optima in non-convex environments (non-convex costs, cash constraints)","AlphaZero/MuZero consistently identify optimal strategies where DH fails, with better sample efficiency","Frequency of correct actions, Sample efficiency, Terminal P&L","Yes if AlphaZero finds optimal action >85% of cases where DH finds <10%; No if DH performs comparably"
"Deep Hedging with Reinforcement Learning: A Practical Framework for Option Risk Management","Practical implementation of deep hedging with leak-free environment, interpretable features, and realistic evaluation is needed","Learned policy improves risk-adjusted performance vs no-hedge, momentum, and volatility-targeting baselines; 50/50 blend with SPY improves mean-variance trade-off","Sharpe ratio, Mean (bps), Standard deviation, Maximum drawdown, Turnover, Hit-rate, CAGR","Yes if GAE overlay has positive Sharpe and lower drawdown than baselines; No if baselines outperform"
"Reinforcement Learning for Credit Index Option Hedging","No RL application to credit index option hedging; existing methods are model-based and ignore transaction costs","TRVO outperforms Black-Scholes delta hedging for credit index options in risk, reward, and transaction costs","Cumulated P&L, P&L volatility, Transaction costs, Path volatility, Reward volatility","Yes if TRVO has higher P&L than delta hedging at all cost levels; No if delta hedging is superior"
"Deep Hedging Under Realistic Market Frictions: A Regime-Conditional Empirical Study of Dynamic Option Hedging on Bitcoin Options","Deep hedging comparisons often use frictionless benchmarks; fair comparison against classical cost-aware benchmarks on real data is needed","Deep hedging underperforms Whalley-Wilmott no-trade band on BTC options, converging to continuous delta-hedging despite turnover penalties","Mean terminal P&L, Standard deviation, CVaR (95%), Mean transaction cost, Mean turnover, Mean trades per episode, Maximum drawdown","Yes if DH underperforms WW on all metrics (confirms paper's claim); No if DH outperforms WW on any metric"
"Deep Reinforcement Learning Algorithms for Option Hedging","Most work tests only one or two DRL algorithms, making objective comparison across algorithms difficult","MCPG outperforms all other algorithms (PPO, TD3, DDPG, DQL variants) in sparse reward environments, and is the only algorithm to beat BS delta","Root Semi-Quadratic Penalty (RSQP)","Yes if MCPG has lower RSQP than BS delta hedge; No if MCPG does not outperform BS delta"
"Direct Reinforcement for Derivatives: Enhancing Intraday Deep Hedging via Risk-Averse Reward Shaping","Limited research on intraday multi-leg options trading with DRL and reward shaping for tail-risk control","PPO agent with drawdown-penalty reward manages Theta-Gamma trade-off and achieves Sharpe 8.23 with controlled downside on NIFTY50 options","Total PnL, ROI, Win Rate, Sharpe Ratio, Maximum Drawdown, Trade Frequency","Yes if Sharpe > 2.0 and MDD < 25%; No if Sharpe < 2.0 or MDD > 25%"
"Fast Deep Hedging with Second-Order Optimization","Deep hedging training is slow due to high backpropagation depth and ill-conditioning","DH-KFAC (second-order optimization with Kronecker-factored curvature) converges in 25% of Adam's steps to reach target validation loss","Validation loss, Gradient variance, Largest eigenvalue of preconditioner, PnL std, Skewness","Yes if DH-KFAC reaches target loss in fewer steps than Adam; No if Adam converges faster or to lower loss"
"Hedging Targeted Risks with Reinforcement Learning: Application to Life Insurance Contracts with Embedded Guarantees","Existing methods cannot hedge only targeted risks while leaving others unaffected; standard deep hedging hedges entire cash flows","Deep targeted hedging (DTH) outperforms delta hedging and traditional deep hedging for variable annuities by fully neutralizing targeted risk without affecting other sources","CVaR at 95%, Variance, Expected P&L, Risk allocations for each source of risk group","Yes if DTH CVaR < deep hedging CVaR; No if DTH does not improve risk reduction"
"Towards a Fast and Robust Deep Hedging Approach","Deep hedging under model uncertainty requires expensive retraining for new market regimes","Task-embedded neural networks (PNN) can adapt to new market regimes by recalibrating only a low-dimensional embedding vector, outperforming single-task networks with limited data","PnL distribution, Standard deviation of PnL, Mean variance, Median variance, Maximum variance","Yes if PNN outperforms single-task network with limited data; No if single-task network is superior"
"Uncertainty-Aware Deep Hedging","Deep hedging produces point estimates without confidence measures, limiting deployment in risk-sensitive applications","Ensemble disagreement is strongly predictive of hedging performance; CVaR-optimized blending with BS delta improves tail risk","Mean P&L, Standard deviation of P&L, CVaR at 5%, Win rate by uncertainty quintile","Yes if win rate in Q1 > 75% and in Q5 < 25%; No if uncertainty is not predictive of performance"
"Hedging of Financial Derivative Contracts via Monte Carlo Tree Search","MCTS has not been applied to derivatives hedging; model-free RL methods struggle with sparse rewards and no external pricing information","MCTS outperforms DQN and is comparable to deep hedging in settings where rewards are granted only at maturity with no external pricing information","Test reward, Portfolio gains, Accumulated transaction costs, Average quadratic loss, Normalized loss","Yes if MCTS normalized loss < DQN normalized loss; No if DQN or FF-NN is superior"
"Market-Making and Hedging with Market Impact using Deep Reinforcement Learning","RL market-making literature neglects hedging-facilitated inventory management and market impact","Neural networks can learn PDE-optimal market-making strategies and can optimize generalized objectives (CVaR) infeasible for analytical methods","Objective value, PnL, PnL distribution, Bid/ask quotes, Hedging rate, Inventory","Yes if NN objective matches PDE objective; No if NN fails to replicate PDE performance"
"Deep Reinforcement Learning for Option Hedging: A Survey","Lack of comprehensive survey of DRL methods for option hedging","Provides taxonomy of methods by market model, hedging instruments, risk measures, and algorithms; identifies challenges and future directions","Not applicable (survey paper)","Not applicable (survey paper; no original empirical claims to test)"
"Climate-Dyna Deep Hedging for XVAs: Model-Based Reinforcement Learning, Residual Climate HVA, and Hedge-Instrument Discovery","Climate XVA should be framed as a residual hedging problem; existing methods do not isolate residual exposure after inherited hedge","Residual Dyna cuts regret by 93% relative to replay with one quarter as many trajectories; adaptation from 25 target transitions retains 60.7% of exact-assisted gain","Mean exact target-policy regret, Gated deployment acceptance rate, Material harm rate, CVaR, Mean P&L","Yes if residual Dyna regret < replay regret with fewer trajectories; No if replay is comparable or superior"
"Robust Risk-Aware Option Hedging","Existing hedging methods neglect model misspecification; robust strategies are needed to protect against distributional shifts","Robust strategies with RDEU and Wasserstein ambiguity sets outperform non-robust ones under model misspecification and reveal phase transition in hedging behavior","P&L distribution, CVaR, Expected utility, Wasserstein distance","Yes if robust CVaR < non-robust CVaR under misspecification; No if robust strategies do not improve robustness"
"Option Hedging with Risk Averse Reinforcement Learning","Risk-averse RL not applied to option hedging with transaction costs; efficient frontier in volatility-P&L space not explored","TRVO agent outperforms delta hedging and spans efficient frontier; agent learns to delay and reduce actions to control costs","P&L, P&L volatility, Reward volatility, Transaction costs, Efficient frontier","Yes if TRVO P&L > delta hedge P&L and volatility < delta hedge volatility; No if delta hedging is superior"
"VolGAN: A Generative Model for Arbitrage-Free Implied Volatility Surfaces","Generative models for IV surfaces not used for hedging; existing methods rely on model-based sensitivity analysis","VolGAN-based hedging with LASSO instrument selection outperforms delta and delta-vega hedging without retraining for over 4 years","Arbitrage penalty, Tracking error statistics, Covariance structure (PCA), Correlation structure","Yes if VolGAN+LASSO tracking error < delta-vega tracking error; No if delta-vega hedging is superior"
"What Does Deep Hedging Actually Learn? Delta Corrections, Regime Fragility, and Symbolic Distillation","Performance comparison alone doesn't explain what deep hedging learns or when it fails; interpretability and regime diagnostics are missing","Agent learns systematic delta haircut relative to Black-Scholes explained by spot-IV co-movement; correction is regime-fragile with failures in 2022 and 2023","Accumulated reward, Mean terminal P&L, CVaR, Downside variance, Ordinary variance, Underhedged share, Delta gap","Yes if delta gap is negative in most years; No if delta gap is not systematically negative"
"Tail-Safe Hedging: Explainable Risk-Sensitive Reinforcement Learning with a White-Box CBF-QP Safety Layer in Arbitrage-Free Markets","Deep hedging lacks safety guarantees and interpretability for deployment in regulated financial environments","CBF-QP safety layer provides zero hard-constraint violations when QP is feasible with zero slack, with audit-ready telemetry","VaR, ES/CVaR, Mean, Sharpe, Policy KL, Tail coverage, Active set, Tightest constraint, Slack, Solver status","Yes if zero constraint violations when QP feasible with zero slack; No if constraint violations occur"
"Risk-Sensitive Option Market Making with Arbitrage-Free eSSVI Surfaces: A Constrained RL and Stochastic Control Bridge","Market-making must jointly optimize trading revenues and maintain arbitrage-free surface; existing methods optimize in isolation","Agent achieves positive adjusted P&L in 6/8 intraday segments while keeping calendar violations at numerical zero and butterfly at numerical floor","Adjusted P&L, No-arbitrage surrogates (BF, CAL), Shape regularization, VaR5%, CVaR5%, Average spread, Hedge ratio","Yes if P&L > 0 in most segments and CAL approximately 0; No if arbitrage violations occur or P&L is negative"
"Robust and Efficient Deep Hedging via Linearized Objective Neural Network","Deep hedging training is unstable and sensitive to noisy data; convergence can be slow","DHLNN with periodic fixed-gradient optimization and Black-Scholes Delta anchoring achieves faster convergence and better performance than DHMLP, DHNTB, and BSDH","PNL distribution, Entropic Loss, Expected Shortfall","Yes if DHLNN Entropic Loss < DHMLN/DHNTB/BSDH Entropic Loss across epochs, costs, and volatilities; No if baselines are superior"